No,Name,PML-N,PPP,PTI-IND,Total Votes,Filename
1,گورنمنٹ بوائز ہائی سکول، چک نمبر 45/گ ب (مرد),762,32,505,,
2,گورنمنٹ گرلز ہائی سکول، چک نمبر 45/گ ب (عورت),530,26,332,,
3,گورنمنٹ بوائز پرائمری سکول، چک نمبر 224/گ ب (مشترکہ),0,0,0,,
4,گورنمنٹ بوائز پرائمری سکول، چک نمبر 225/گ ب (مشترکہ),0,0,0,,
5,گورنمنٹ بوائز ہائی سکول، چک نمبر 222/گ ب (مرد),182,63,395,,
6,گورنمنٹ، گرلز کمیونٹی ماڈل سکول، چک نمبر 222/گ ب (عورت),162,30,283,,
7,گورنمنٹ گرلز مڈل سکول، چک نمبر 223/گ ب (مشترکہ),308,124,441,,
8,گورنمنٹ بوائز پرائمری سکول، چک نمبر 227/گ ب (مرد),262,21,469,,
9,گورنمنٹ بوائز پرائمری سکول، چک نمبر 227/گ ب (عورت),0,0,0,,
10,گورنمنٹ گرلز ہائی سکول، چک نمبر 226/گ ب (مرد),110,138,302,,
11,گورنمنٹ بوائز پی/سکول، چک نمبر 226/گ ب (عورت),73,93,230,,
12,گورنمنٹ گرلز مڈل سکول، چک نمبر 219/گ ب (مرد),285,125,323,,
13,گورنمنٹ گرلز مڈل سکول، چک نمبر 219/گ ب (عورت),0,0,0,,
14,گورنمنٹ گرلز مڈل سکول، چک نمبر 220/گ ب (مشترکہ),281,93,324,,
15,گورنمنٹ گرلز ہائی سکول، چک نمبر 221/گ ب (مرد),0,0,0,,
16,گورنمنٹ بوائز پرائمری سکول، چک نمبر 221/گ ب (عورت),0,0,0,,
17,گورنمنٹ گرلز مڈل سکول، نئی عمارت چک نمبر 217/گ ب (مرد),0,0,0,,
18,گورنمنٹ گرلز مڈل سکول، پرانی عمارت چک نمبر 217/گ ب ساؤتھ (عورت),232,69,340,,
19,گورنمنٹ بوائز ہائی سکول، چک نمبر 218/گ ب (مرد),0,0,0,,
20,گورنمنٹ گرلز ہائی سکول، چک نمبر 218/گ ب (عورت),171,15,375,,
21,گورنمنٹ گرلز ہائی سکول، چک نمبر 473/گ ب (مرد),0,0,0,,
22,گورنمنٹ گرلز ہائی سکول، چک نمبر 473/گ ب (عورت),83,142,202,,
23,گورنمنٹ بوائز پرائمری سکول، چک نمبر 473/گ ب ایسٹ (مرد),0,0,0,,
24,گورنمنٹ گرلز ایلیمنٹری سکول، سکول چک نمبر 473/گ ب ایسٹ (عورت),71,114,168,,
25,گورنمنٹ بوائز ہائی سکول، چک نمبر 474/گ ب (مرد),461,33,384,,
26,گورنمنٹ گرلز پرائمری سکول، چک نمبر 474/گ ب (عورت),306,21,306,,
27,گورنمنٹ گرلز ہائی سکول، چک نمبر 475/گ ب (مرد),0,0,0,,
28,گورنمنٹ گرلز ہائی سکول، چک نمبر 475/گ ب (عورت),0,0,0,,
29,گورنمنٹ بوائز ہائی سکول، چک نمبر 476/گ ب (مرد),318,0,242,,
30,گورنمنٹ بوائز ہائی سکول، چک نمبر 476/گ ب (عورت),0,0,0,,
31,گورنمنٹ گرلز کمیونٹی ماڈل سکول، چک نمبر 477/گ ب (مرد),262,0,244,,
32,گورنمنٹ گرلز کمیونٹی ماڈل سکول، چک نمبر 477/گ ب (عورت),172,0,215,,
33,گورنمنٹ گرلز ہائی سکول، چک نمبر 477/گ ب ویسٹ (مشترکہ),309,0,432,,
34,گورنمنٹ بوائز پرائمری سکول، چک نمبر 478/گ ب (مرد),376,0,378,,
35,گورنمنٹ گرلز ہائی سکول، چک نمبر 478/گ ب (عورت),315,0,331,,
36,گورنمنٹ بوائز ہائی سکول، چک نمبر 479/گ ب (مرد),0,0,0,,
37,گورنمنٹ گرلز ہائی سکول، چک نمبر 479/گ ب (عورت),88,0,149,,
38,گورنمنٹ بوائز پرائمری سکول، چک نمبر 480/گ ب (مرد),288,0,282,,
39,گورنمنٹ گرلز مڈل سکول، چک نمبر 480/گ ب (عورت),231,0,231,,
40,گورنمنٹ بوائز پرائمری سکول، چک نمبر 481/گ ب (مرد),217,0,132,,
41,گورنمنٹ گرلز پرائمری سکول، چک نمبر 481/گ ب (عورت),0,0,0,,
42,گورنمنٹ بوائز پرائمری سکول، چک نمبر 43/گ ب (مرد),341,0,158,,
43,گورنمنٹ گرلز پرائمری سکول، چک نمبر 43/گ ب (عورت),208,0,106,,
44,گورنمنٹ بوائز پرائمری سکول، چک نمبر 47/گ ب (مرد),0,0,0,,
45,گرلز کمیونٹی ماڈل سکول، چک نمبر 47/گ ب (عورت),276,0,164,,
46,گورنمنٹ بوائز ہائی سکول، چک نمبر 47/گ ب (مرد),198,0,98,,
47,گرلز کمیونٹی ماڈل سکول، چک نمبر 47/گ ب (عورت),104,0,405,,
48,گورنمنٹ بوائز پرائمری سکول، چک نمبر 44/گ ب (مرد),213,0,100,,
49,گورنمنٹ گرلز ایلیمنٹری سکول، چک نمبر 44/گ ب (عورت),186,0,64,,
50,گورنمنٹ بوائز پرائمری سکول، چک نمبر 46/گ ب (مشترکہ),439,0,223,,
51,گورنمنٹ گرلز پرائمری سکول، چک نمبر 46/گ ب (مرد),462,0,290,,
52,گورنمنٹ گرلز پرائمری سکول، چک نمبر 46/گ ب (عورت),0,0,0,,
53,گورنمنٹ گرلز مڈل سکول، چک نمبر 48/گ ب (مرد),361,0,366,,
54,گورنمنٹ گرلز مڈل سکول، چک نمبر 48/گ ب (عورت),250,0,252,,
55,گورنمنٹ گرلز کمیونٹیز ماڈل پرائمری سکول، چک نمبر 48/گ ب (مشترکہ),0,0,0,,
56,گورنمنٹ گرلز ہائی سکول، چک نمبر 49/گ ب (مرد),267,0,269,,
57,گورنمنٹ گرلز ہائی سکول، چک نمبر 49/گ ب (عورت),2,0,222,,
58,گورنمنٹ بوائز پرائمری سکول، چک نمبر 49/گ ب (مشترکہ),198,0,590,,
59,گورنمنٹ بوائز پرائمری سکول، چک نمبر 41/گ ب (مرد),546,0,522,,
60,گورنمنٹ گرلز پرائمری سکول، چک نمبر 41/گ ب (عورت),0,0,0,,
61,گورنمنٹ گرلز ایلیمنٹری سکول-I، نئی آبادی چک نمبر 42/گ ب (مرد),288,0,318,,
62,گورنمنٹ گرلز پرائمری سکول-II، نئی آبادی چک نمبر 42/گ ب (عورت),0,0,0,,
63,گورنمنٹ بوائز ہائی سکول، چک نمبر 228/گ ب (مرد),191,0,318,,
64,گورنمنٹ گرلز ہائی سکول، چک نمبر 228/گ ب (عورت),171,0,243,,
65,بیسک ہیلتھ یونٹ چک نمبر 228/گ ب (مشترکہ),131,0,365,,
66,گورنمنٹ بوائز ہائی سکول، چک نمبر 51/گ ب (مرد),332,0,181,,
67,گورنمنٹ گرلز مڈل سکول، چک نمبر 51/گ ب (عورت),244,0,136,,
68,گورنمنٹ گرلز ایلیمنٹری سکول، سکول جونیئر کمپلیکس چک نمبر 52/گ ب (مرد),142,0,206,,
69,گورنمنٹ گرلز ای/سکول، سینئر کیمپس چک نمبر 52/گ ب (عورت),0,0,0,,
70,گورنمنٹ گرلز مڈل سکول، چک نمبر 529/گ ب (مشترکہ),320,0,152,,
71,گورنمنٹ بوائز ہائی سکول، چک نمبر 530/گ ب (مرد),294,0,102,,
72,گورنمنٹ گرلز ہائی سکول، چک نمبر 530/گ ب (عورت),0,0,0,,
73,گورنمنٹ بوائز پرائمری سکول، چک نمبر 531/گ ب (مرد),294,0,248,,
74,گورنمنٹ گرلز مڈل سکول، چک نمبر 531/گ ب (عورت),175,0,103,,
75,گورنمنٹ بوائز پرائمری سکول، چک نمبر 50/گ ب (مرد),122,0,330,,
76,گورنمنٹ گرلز ایلیمنٹری سکول، چک نمبر 50/گ ب (عورت),523,0,509,,
77,گورنمنٹ گرلز ہائی سکول، چک نمبر 134/گ ب (مشترکہ),240,0,316,,
78,گورنمنٹ بوائز ہائی سکول، چک نمبر 135/گ ب (مشترکہ),127,0,122,,
79,گورنمنٹ بوائز ہائی سکول، چک نمبر 527/گ ب (مرد),344,0,560,,
80,گورنمنٹ گرلز ہائیر سیکنڈری سکول، چک نمبر 527/گ ب (عورت),209,0,389,,
81,گورنمنٹ بوائز پرائمری سکول، چک نمبر 528/گ ب جٹیانہ (مشترکہ),0,0,0,,
82,گورنمنٹ گرلز کمیونٹی ماڈل، چک نمبر 528/گ ب منو پور (مشترکہ),509,0,203,,
83,گورنمنٹ گرلز ہائی سکول، چک نمبر 136/گ ب ایسٹ (مرد),0,0,0,,
84,گورنمنٹ گرلز ہائی سکول، چک نمبر 136/گ ب ایسٹ (عورت),279,0,455,,
85,گورنمنٹ گرلز پرائمری سکول،چک نمبر 136/گ ب ویسٹ (مشترکہ),0,0,0,,
86,گورنمنٹ گرلز پرائمری سکول، چک نمبر 372/گ ب (مرد),175,0,420,,
87,گورنمنٹ گرلز پرائمری سکول، چک نمبر 372/گ ب (عورت),112,0,240,,
88,گورنمنٹ بوائز پرائمری سکول، چک نمبر 373/گ ب کرمسر (مرد),0,0,0,,
89,گورنمنٹ بوائز پرائمری سکول، چک نمبر 373/گ ب کرمسر (عورت),0,0,0,,
90,گورنمنٹ گرلز پرائمری سکول،چک نمبر 373/گ ب خلدی (مشترکہ),167,0,376,,
91,گورنمنٹ گرلز ایلیمنٹری سکول، چک نمبر 386/گ ب (مشترکہ),192,0,33,,
92,گورنمنٹ گرلز پرائمری سکول-I، چک نمبر 387/گ ب مغرب (مشترکہ),146,0,213,,
93,گورنمنٹ گرلز پرائمری سکول- II، چک نمبر 387/گ ب ایسٹ (مشترکہ),0,0,0,,
94,گورنمنٹ بوائز ہائی سکول، چک نمبر 388/گ ب (مرد),330,0,279,,
95,گورنمنٹ گرلز ایلیمنٹری سکول، چک نمبر 388/گ ب (عورت),207,0,226,,
96,گورنمنٹ بوائز پرائمری سکول، چک نمبر 385/گ ب (مشترکہ),0,0,0,,
97,گورنمنٹ گرلز ایلیمنٹری سکول، چک نمبر 438/گ ب (مشترکہ),414,0,274,,
98,گورنمنٹ بوائز ہائی سکول، چک نمبر 461/گ ب (مشترکہ),124,0,511,,
99,گورنمنٹ بوائز ہائی سکول، چک نمبر 462/گ ب (مشترکہ),282,0,153,,
100,گورنمنٹ بوائز پرائمری سکول، چک نمبر 192/گ ب اوجلہ (مرد),476,0,386,,
101,گورنمنٹ گرلز ہائی سکول، چک نمبر 192/گ ب اوجلہ (عورت),306,0,251,,
102,گورنمنٹ بوائز پرائمری سکول، چک نمبر 192/گ ب کوٹلہ (مرد),404,0,538,,
103,گورنمنٹ گرلز پرائمری سکول، چک نمبر 192/گ ب کوٹلہ (عورت),325,0,410,,
104,گورنمنٹ بوائز ہائی سکول، چک نمبر 193/گ ب نارتھ (مرد),281,0,189,,
105,گورنمنٹ گرلز ہائی سکول، چک نمبر 193/گ ب نارتھ (عورت),254,0,210,,
106,گورنمنٹ گرلز پرائمری سکول، چک نمبر 193/گ ب ساؤتھ (مشترکہ),563,0,720,,
107,گورنمنٹ گرلز ہائی سکول، چک نمبر 195/گ ب (مشترکہ),382,0,482,,
108,گورنمنٹ بوائز پرائمری سکول، چک نمبر 195/گ ب (مرد),284,0,387,,
109,گورنمنٹ بوائز پرائمری سکول، چک نمبر 195/گ ب (عورت),226,0,288,,
110,گورنمنٹ گرلز ہائی سکول، چک نمبر 196/گ ب (مرد),475,0,282,,
111,گورنمنٹ گرلز پرائمری سکول، چک نمبر 196/گ ب (عورت),0,0,0,,
112,گورنمنٹ گرلز ہائی سکول، چک نمبر 196/گ ب (مشترکہ),281,0,432,,
113,گورنمنٹ گرلز ہائی سکول، چک نمبر 197/گ ب (مرد),217,0,388,,
114,گورنمنٹ گرلز ہائی سکول، چک نمبر 197/گ ب (عورت),0,0,0,,
115,گورنمنٹ بوائز پرائمری سکول، چک نمبر 197/گ ب (مرد),228,0,397,,
116,گورنمنٹ بوائز پرائمری سکول، چک نمبر 197/گ ب (عورت),149,0,348,,
117,گورنمنٹ بوائز مڈل سکول، چک نمبر 200/گ ب (مرد),250,0,347,,
118,گورنمنٹ بوائز مڈل سکول، چک نمبر 200/گ ب (عورت),0,0,0,,
119,گورنمنٹ گرلز مڈل سکول، چک نمبر 200/گ ب (مشترکہ),289,0,431,,
120,گورنمنٹ بوائز پرائمری سکول، چک نمبر 201/گ ب (مرد),216,0,386,,
121,گورنمنٹ گرلز پرائمری سکول، چک نمبر 201/گ ب (عورت),0,0,0,,
122,گورنمنٹ بوائز پرائمری سکول، چک نمبر 202/گ ب (مرد),435,0,422,,
123,گورنمنٹ گرلز مڈل سکول، چک نمبر 202/گ ب (عورت),241,0,213,,
124,گورنمنٹ بوائز پرائمری سکول، چک نمبر 204/گ ب (مشترکہ),229,0,155,,
125,گورنمنٹ بوائز ایلیمنٹری سکول، چک نمبر 205/گ ب (مرد),294,0,217,,
126,گورنمنٹ گرلز پرائمری سکول، چک نمبر 205/گ ب (عورت),0,0,0,,
127,گورنمنٹ آفاق بوائز ہائی سکول، چک نمبر 206/گ ب (مرد),397,0,220,,
128,گورنمنٹ گرلز ہائی سکول، چک نمبر 206/گ ب (عورت),204,0,160,,
129,گورنمنٹ بوائز پرائمری سکول، چک نمبر 207/گ ب (مرد),284,0,304,,
130,گورنمنٹ گرلز پرائمری سکول، چک نمبر 207/گ ب (عورت),210,0,253,,
131,گورنمنٹ گرلز مڈل سکول، چک نمبر 208/گ ب (مرد),238,0,255,,
132,گورنمنٹ بوائز ایلیمنٹری سکول، چک نمبر 208/گ ب (عورت),0,0,0,,
133,گورنمنٹ بوائز پرائمری سکول، چک نمبر 209/گ ب (مرد),329,0,347,,
134,گورنمنٹ بوائز پرائمری سکول، چک نمبر 209/گ ب (عورت),242,0,299,,
135,گورنمنٹ گرلز مڈل سکول، چک نمبر 213/گ ب (مشترکہ),199,0,363,,
136,گورنمنٹ بوائز پرائمری سکول، چک نمبر 213/گ ب (مرد),263,0,384,,
137,گورنمنٹ گرلز ہائی سکول، چک نمبر 213/گ ب (عورت),172,0,347,,
138,گورنمنٹ بوائز پرائمری سکول، چک نمبر 214/گ ب (مرد),366,0,314,,
139,گورنمنٹ گرلز مڈل سکول، چک نمبر 214/گ ب (عورت),373,0,391,,
140,گورنمنٹ بوائز ہائی سکول، چک نمبر 215/گ ب (مرد),0,0,0,,
141,گورنمنٹ گرلز پرائمری سکول، چک نمبر 215/گ ب (عورت),182,0,74,,
142,گورنمنٹ بوائز پرائمری سکول، چک نمبر 216/گ ب (مرد),313,0,282,,
143,گورنمنٹ گرلز پرائمری سکول، چک نمبر 216/گ ب (عورت),144,0,171,,
144,گورنمنٹ بوائز مڈل سکول، چک نمبر 482/گ ب (مرد),0,0,0,,
145,گورنمنٹ گرلز مڈل سکول، چک نمبر 482/گ ب (عورت),0,0,0,,
146,گورنمنٹ بوائز ہائی سکول، چک نمبر 483/گ ب (مرد),196,0,187,,
147,گورنمنٹ گرلز ہائی سکول، چک نمبر 483/گ ب (عورت),162,0,363,,
148,گورنمنٹ بوائز ہائی سکول، چک نمبر 483/گ ب (مرد),170,0,119,,
149,گورنمنٹ بوائز مڈل سکول، چک نمبر 487/گ ب (مرد),305,0,291,,
150,گورنمنٹ گرلز مڈل سکول، چک نمبر 487/گ ب (عورت),188,0,168,,
151,گورنمنٹ گرلز پرائمری سکول، چک نمبر 488/گ ب شاملی (مرد),0,0,0,,
152,گورنمنٹ گرلز پرائمری سکول، چک نمبر 488/گ ب شاملی (عورت),135,0,52,,
153,گورنمنٹ بوائز پرائمری سکول، چک نمبر 488/گ ب جنوبی (مشترکہ),214,0,338,,
154,گورنمنٹ بوائز پرائمری سکول، چک نمبر 495/گ ب (مشترکہ),134,0,307,,
155,گورنمنٹ بوائز مڈل سکول، چک نمبر 203/گ ب (مرد),230,0,177,,
156,گورنمنٹ بوائز مڈل سکول، چک نمبر 203/گ ب (عورت),178,0,186,,
157,گورنمنٹ گرلز ہائی سکول، چک نمبر 203/گ ب (مرد),457,0,427,,
158,گورنمنٹ گرلز H/S چک نمبر 203/گ ب (عورت),305,0,413,,
159,گورنمنٹ بوائز ہائی سکول چک نمبر 210/گ ب (مرد),297,0,227,,
160,گورنمنٹ بوائز ہائی سکول چک نمبر 210/گ ب (عورت),224,0,206,,
161,گورنمنٹ بوائز پرائمری سکول، چک نمبر 211/گ ب (مرد),558,0,342,,
162,گورنمنٹ گرلز پرائمری سکول، چک نمبر 211/گ ب (عورت),0,0,0,,
163,گورنمنٹ بوائز مڈل سکول، چک نمبر 212/گ ب (مرد),387,0,380,,
164,گورنمنٹ گرلز مڈل سکول، چک نمبر 212/گ ب (عورت),0,0,0,,
165,گورنمنٹ بوائز پرائمری سکول، چک نمبر 198/گ ب (مرد),255,0,433,,
166,گورنمنٹ گرلز مڈل سکول، چک نمبر 198/گ ب (عورت),0,0,0,,
167,گورنمنٹ بوائز ہائی سکول، چک نمبر 199/گ ب (مشترکہ),248,0,407,,
168,گورنمنٹ گرلز ہائی سکول، چک نمبر 199/گ ب (مرد),195,0,389,,
169,گورنمنٹ گرلز ہائی سکول، چک نمبر 199/گ ب (عورت),157,0,408,,
170,گورنمنٹ بوائز پرائمری سکول، چک نمبر 484/گ ب (مرد),0,0,0,,
171,گورنمنٹ گرلز ای/سکول، چک نمبر 484/گ ب (عورت),324,0,330,,
172,گورنمنٹ بوائز ہائی سکول، چک نمبر 485/گ ب (مرد),177,0,248,,
173,گورنمنٹ گرلز ہائی سکول، چک نمبر 485/گ ب (عورت),378,0,398,,
174,گورنمنٹ بوائز مڈل سکول، چک نمبر 486/گ ب (مشترکہ),169,0,244,,
175,گورنمنٹ بوائز پرائمری سکول، چک نمبر 445/گ ب (مرد),0,0,0,,
176,گورنمنٹ گرلز مڈل سکول، چک نمبر 445/گ ب (عورت),180,0,222,,
177,گورنمنٹ گرلز مڈل سکول، چک نمبر 445/گ ب (مشترکہ),383,0,300,,
178,گورنمنٹ بوائز پرائمری سکول، چک نمبر 446/گ ب (مرد),232,0,482,,
179,گورنمنٹ گرلز پرائمری سکول، چک نمبر 446/گ ب (عورت),137,0,376,,
180,بیسک ہیلتھ یونٹ چک نمبر 448/گ ب (مرد),298,0,418,,
181,گورنمنٹ بوائز پرائمری سکول، چک نمبر 448/گ ب (عورت),251,0,344,,
182,گورنمنٹ گرلز ہائی سکول، چک نمبر 447/گ ب (مرد),244,0,317,,
183,گورنمنٹ گرلز ہائی سکول، چک نمبر 447/گ ب (عورت),183,0,286,,
184,گورنمنٹ بوائز ہائی سکول، چک نمبر 447/گ ب (مشترکہ),296,0,404,,
185,گورنمنٹ بوائز ہائی سکول، چک نمبر 442/گ ب (مرد),275,0,544,,
186,گورنمنٹ گرلز مڈل سکول، چک نمبر 442/گ ب (عورت),193,0,444,,
187,گورنمنٹ بوائز مڈل سکول، چک نمبر 444/گ ب (مرد),0,0,0,,
188,گورنمنٹ گرلز مڈل سکول، چک نمبر 444/گ ب (عورت),199,0,379,,
189,گورنمنٹ بوائز پرائمری سکول، چک نمبر 441/گ ب (مرد),0,0,0,,
190,گورنمنٹ گرلز کمیونٹی ماڈل ایلیمنٹری سکول، چک نمبر 441/گ ب-I (عورت),251,0,162,,
191,گورنمنٹ بوائز پرائمری سکول، چک نمبر 441/گ ب (مرد),0,0,0,,
192,گورنمنٹ گرلز کمیونٹی ماڈل ایلیمنٹری سکول، چک نمبر 441/گ ب-I (عورت),0,0,0,,
193,گورنمنٹ گرلز ہائی سکول چک 443/گ ب بوائز کیمپس (مرد),217,0,522,,
194,گورنمنٹ گرلز ہائی سکول، چک نمبر 443/گ ب مین کیمپس (عورت),182,0,376,,
195,واپڈا ہاؤس سمندری (مرد),0,0,0,,
196,گورنمنٹ گرلز پرائمری سکول فیصل آباد روڈ سمندری (عورت),346,0,325,,
197,گورنمنٹ بوائز ڈگری کالج، سمندری (مشترکہ),338,0,375,,
198,گورنمنٹ بوائز پرائمری سکول، اشرف آباد روڈ سمندری (مرد),163,0,344,,
199,گورنمنٹ گرلز ایلیمنٹری سکول، 471/گ ب روڈ سمندری (عورت),285,0,324,,
200,گورنمنٹ بوائز ڈگری کالج، سمندری (مرد),199,0,302,,
201,گورنمنٹ بوائز ڈگری کالج، سمندری (عورت),338,0,422,,
202,گورنمنٹ گرلز پرائمری سکول، نہر کنارے زم زم کالونی، سمندری (مرد),213,0,312,,
203,گورنمنٹ گرلز پرائمری سکول، نہر کنارے زم زم کالونی، سمندری (عورت),0,0,0,,
204,گورنمنٹ پرائمری سکول شوکت آباد سمندری (مرد),394,0,393,,
205,گورنمنٹ پرائمری سکول شوکت آباد سمندری (عورت),296,0,404,,
206,گورنمنٹ گرلز ایلیمنٹری سکول، دم دم دربار سمندری (مشترکہ),227,0,327,,
207,گورنمنٹ بوائز ہائی نمبر 1 سمندری (مشترکہ),379,0,462,,
208,گورنمنٹ بوائز پرائمری سکول، نمبر 2، نزد بلڈنگ آفس، سمندری۔ (مرد),232,0,441,,
209,گورنمنٹ گرلز ایلیمنٹری سکول، رجانہ روڈ، سمندری (عورت),0,0,0,,
210,گورنمنٹ بوائز پرائمری سکول، نمبر 2، نزد بلڈنگ آفس، سمندری۔ (مرد),280,0,408,,
211,گورنمنٹ گرلز ایلیمنٹری سکول، رجانہ روڈ، سمندری (عورت),201,0,305,,
212,گورنمنٹ بوائز ہائی نمبر 1 سمندری (مرد),247,0,393,,
213,گورنمنٹ بوائز ہائی نمبر 1 سمندری (عورت),163,0,334,,
214,گورنمنٹ بوائز پرائمری سکول-I، نیو سمندری (مشترکہ),520,0,557,,
215,گورنمنٹ گرلز پرائمری سکول، -I نیو سمندری (مشترکہ),280,0,121,,
216,لاہور انٹرنیشنل سکول گوجرہ روڈ نیو سمندری، (مشترکہ),0,0,0,,
217,گورنمنٹ بوائز ہائی سکول، نمبر 2، سمندری (مرد),375,0,381,,
218,گورنمنٹ بوائز ہائی سکول، نمبر 2، سمندری (عورت),198,0,277,,
219,Dy. ڈسٹرکٹ ایجوکیشن آفیسر کا دفتر (مشترکہ),205,0,257,,
220,گورنمنٹ گرلز ہائی سکول، نمبر 2 سمندری (مرد),348,0,629,,
221,گورنمنٹ گرلز ہائی سکول، نمبر 2 سمندری (عورت),395,0,539,,
222,گورنمنٹ گرلز کالج، سمندری (مرد),0,0,0,,
223,گورنمنٹ گرلز ہائی سکول نمبر 1، سمندری (عورت),258,0,375,,
224,گورنمنٹ اے سلیم بوائز پرائمری سکول، چکی بزیرسمندری (مرد),517,0,530,,
225,گورنمنٹ بوائز ایلیمنٹری سکول، گوردوارہ سمندری (عورت),265,0,306,,
226,گورنمنٹ گرلز پرائمری سکول، ہاؤسنگ کالونی نمبر 1، سمندری (مرد),0,0,0,,
227,گورنمنٹ گرلز پرائمری سکول، ہاؤسنگ کالونی نمبر 1، سمندری (عورت),287,0,354,,
228,گورنمنٹ گرلز پرائمری سکول، چک نمبر 471/گ ب (مرد),122,0,199,,
229,گورنمنٹ گرلز پرائمری سکول، چک نمبر 471/گ ب (عورت),78,0,217,,
230,گورنمنٹ بوائز پرائمری سکول، چک نمبر 471/گ ب (مشترکہ),282,0,311,,
231,گورنمنٹ بوائز پرائمری سکول، چک نمبر 464/گ ب (مرد),265,0,252,,
232,گورنمنٹ گرلز پرائمری سکول، چک نمبر 464/گ ب (عورت),425,0,246,,
233,گورنمنٹ بوائز پرائمری سکول، چک نمبر 465/گ ب (مرد),432,0,468,,
234,گورنمنٹ گرلز ہائی سکول، چک نمبر 465/گ ب (عورت),601,0,675,,
235,گورنمنٹ بوائز پرائمری سکول، چک نمبر 466/گ ب (مرد),0,0,0,,
236,گورنمنٹ گرلز پرائمری سکول، چک نمبر 466/گ ب (عورت),0,0,0,,
237,گورنمنٹ بوائز پرائمری سکول، چک نمبر 389/گ ب (مشترکہ),455,0,825,,
238,گورنمنٹ گرلز ایلیمنٹری سکول، چک نمبر 390/گ ب ویسٹ (مشترکہ),314,0,565,,
239,گورنمنٹ بوائز ہائی سکول، چک نمبر 390/گ ب ایسٹ (مشترکہ),151,0,291,,
240,گورنمنٹ بوائز ایلیمنٹری سکول، چک نمبر 467/گ ب (مرد),398,0,325,,
241,گورنمنٹ بوائز ایلیمنٹری سکول، چک نمبر 467/گ ب (عورت),0,0,0,,
242,گورنمنٹ گرلز ہائی سکول، چک نمبر 467/گ ب (مشترکہ),458,0,315,,
243,گورنمنٹ بوائز ہائی سکول، چک نمبر 463/گ ب ایسٹ (مرد),361,0,385,,
244,گورنمنٹ گرلز ہائی سکول، چک نمبر 463/گ ب ایسٹ (عورت),152,0,178,,
245,گورنمنٹ بوائز ہائی سکول، چک نمبر 463/گ ب ایسٹ (مرد),0,0,0,,
246,گورنمنٹ گرلز ایلیمنٹری سکول، چک نمبر 463/گ ب ایسٹ (مرد),355,0,287,,
247,گورنمنٹ گرلز ایلیمنٹری سکول، چک نمبر 463/گ ب ایسٹ (عورت),0,0,0,,
248,گورنمنٹ بوائز ایلیمنٹری سکول، چک نمبر 439/گ ب محالم (مرد),441,0,180,,
249,گورنمنٹ گرلز ہائی سکول، چک نمبر 439/گ ب محلم (عورت),0,0,0,,
250,گورنمنٹ گرلز ہائی سکول، چک نمبر 439/گ ب محالم (مشترکہ),217,0,342,,
251,گورنمنٹ بوائز پرائمری سکول، چک نمبر 468/گ ب (مرد),530,0,363,,
252,گورنمنٹ بوائز پرائمری سکول، چک نمبر 468/گ ب (مرد),157,0,163,,
253,گورنمنٹ گرلز ایلیمنٹری سکول، چک نمبر 468/گ ب (عورت),0,0,0,,
254,گورنمنٹ بوائز ہائی سکول، پرائمری پورشن چک نمبر 469/گ ب (مرد),0,0,0,,
255,گورنمنٹ بوائز ہائی سکول، پرائمری پورشن چک نمبر 469/گ ب (مرد),120,0,300,,
256,گورنمنٹ گرلز ہائیر سیکنڈری سکول، چک نمبر 469/گ ب (عورت),188,0,558,,
257,گورنمنٹ گرلز ایلیمنٹری سکول چک 174/گ ب-I شمالی (مشترکہ),211,0,591,,
258,گورنمنٹ چشتیہ سراجیہ بوائز ہائی سکول، چک نمبر 174/گ ب جنوبی (مشترکہ),188,0,195,,
259,گورنمنٹ بوائز پرائمری سکول، چک نمبر 175/گ ب نان پی (مشترکہ),386,0,446,,
260,گورنمنٹ بوائز مڈل سکول، چک نمبر 176/گ ب (مرد),270,0,165,,
261,گورنمنٹ گرلز کمیونٹی ماڈل ایلیمنٹری سکول، چک نمبر۔176/گ ب (عورت),213,0,145,,
262,گورنمنٹ بوائز ہائی سکول، چک نمبر 177/گ ب (مرد),0,0,0,,
263,گورنمنٹ گرلز مڈل سکول، چک نمبر 177/گ ب (عورت),278,0,201,,
264,گورنمنٹ بوائز پرائمری سکول، چک نمبر 165/گ ب ویسٹ ہرسا کوٹ (مشترکہ),300,0,385,,
265,گورنمنٹ گرلز ایلیمنٹری سکول، چک نمبر 165/گ ب، دلیل پور (مشترکہ),373,0,256,,
266,گورنمنٹ بوائز ایلیمنٹری سکول، چک نمبر 167/گ ب (مرد),449,0,285,,
267,گورنمنٹ گرلز ہائیر سیکنڈری سکول، چک نمبر 167/گ ب کٹاریاں (عورت),277,0,179,,
268,گورنمنٹ بوائز ایلیمنٹری سکول، چک نمبر 166/گ ب مالویاں (مرد),324,0,247,,
269,گورنمنٹ گرلز ایلیمنٹری سکول، چک نمبر 166/گ ب (عورت),0,0,0,,
270,گورنمنٹ بوائز ہائی سکول، چک نمبر 168/گ ب (مرد),343,0,313,,
271,گورنمنٹ گرلز پرائمری سکول، چک نمبر 168/گ ب (عورت),284,0,204,,
272,گورنمنٹ بوائز پرائمری سکول-I،چک نمبر 169/گ ب ٹھیکریاں (مشترکہ),300,0,258,,
273,گورنمنٹ بوائز پرائمری سکول-I،چک نمبر 169/گ ب نتھو کوٹ (مشترکہ),501,0,359,,
274,گورنمنٹ بوائز ایلیمنٹری سکول، چک نمبر 413/گ ب (مشترکہ),0,0,0,,
275,گورنمنٹ بوائز پرائمری سکول، چک نمبر 417/گ ب (مشترکہ),0,0,0,,
276,گورنمنٹ بوائز پرائمری سکول، چک نمبر 437/گ ب نور پور (مشترکہ),325,0,156,,
277,گورنمنٹ گرلز ہائی سکول، چک نمبر 437/گ ب کرول (مشترکہ),467,0,417,,
278,گورنمنٹ بوائز پرائمری سکول، چک نمبر 394/گ ب (مشترکہ),189,0,678,,
279,گورنمنٹ گرلز پرائمری سکول، چک نمبر 414/گ ب (مرد),119,0,462,,
280,گورنمنٹ گرلز پرائمری سکول، چک نمبر 414/گ ب (عورت),41,0,318,,
281,گورنمنٹ بوائز ہائی سکول، چک نمبر 440/گ ب (مرد),398,0,487,,
282,گورنمنٹ گرلز ای/سکول، چک نمبر 440/گ ب (عورت),219,0,341,,
283,گورنمنٹ بوائز پرائمری سکول، چک نمبر 139/گ ب (مرد),279,0,458,,
284,گورنمنٹ گرلز ایلیمنٹری سکول، چک نمبر 139/گ ب (عورت),203,0,210,,
285,گورنمنٹ گرلز ایلیمنٹری سکول، چک نمبر 140/گ ب (مرد),341,0,373,,
286,گورنمنٹ گرلز ایلیمنٹری سکول، چک نمبر 140/گ ب (عورت),244,0,319,,
287,گورنمنٹ بوائز پرائمری سکول، چک نمبر 141/گ ب (مشترکہ),232,0,346,,
288,گورنمنٹ بوائز پرائمری سکول، چک نمبر 137/گ ب (مرد),284,0,474,,
289,گورنمنٹ گرلز مڈل سکول، چک نمبر 137/گ ب (عورت),224,0,362,,
290,گورنمنٹ بوائز پرائمری سکول، چک نمبر 138/گ ب کلاں (مرد),241,0,309,,
291,گورنمنٹ گرلز پرائمری سکول، چک نمبر 138/گ ب کلاں (عورت),224,0,294,,
292,گورنمنٹ گرلز ایلیمنٹری سکول، چک نمبر 138/گ ب خورد (مرد),0,0,0,,
293,گورنمنٹ بوائز پرائمری سکول، چک نمبر 138/گ ب خورد (عورت),354,0,295,,
294,گورنمنٹ بوائز پرائمری سکول، چک نمبر 142/گ ب (مرد),0,0,0,,
295,گورنمنٹ گرلز مڈل سکول،. چک نمبر 142/گ ب (عورت),310,0,251,,
296,گورنمنٹ بوائز ہائی سکول، چک نمبر 143/گ ب (مرد),237,0,489,,
297,گورنمنٹ گرلز پی/سکول، چک نمبر 143/گ ب (عورت),261,0,113,,
298,گورنمنٹ بوائز پرائمری سکول، چک نمبر 470/گ ب (مرد),313,0,390,,
299,گورنمنٹ گرلز پرائمری سکول، چک نمبر 470/گ ب (عورت),0,0,0,,
300,گورنمنٹ بوائز پرائمری سکول، چک نمبر 470/گ ب (مرد),326,0,385,,
696,گورنمنٹ گرلز پرائمری سکول، چک نمبر 470/گ ب (عورت),235,0,305,,
302,گورنمنٹ گرلز ایلیمنٹری سکول، چک نمبر 472/گ ب (مرد),223,0,353,,
303,گورنمنٹ گرلز ایلیمنٹری سکول، چک نمبر 472/گ ب (عورت),189,0,308,,
304,گورنمنٹ گرلز پرائمری سکول، چک نمبر 38/گ ب (مشترکہ),410,0,218,,
305,گورنمنٹ بوائز ہائیر سیکنڈری سکول، ستیانہ (مرد),327,0,309,,
306,گورنمنٹ بوائز ہائیر سیکنڈری سکول، ستیانہ (عورت),177,0,204,,
307,گورنمنٹ گرلز ہائیر سیکنڈری سکول، چک نمبر 39/گ ب (مرد),283,0,356,,
308,گورنمنٹ گرلز ہائیر سیکنڈری سکول، چک نمبر 39/گ ب (عورت),195,0,205,,
309,گورنمنٹ بوائز ہائیر سیکنڈری سکول، ستیانہ (مرد),400,0,575,,
310,گورنمنٹ بوائز ہائیر سیکنڈری سکول، ستیانہ (عورت),0,0,0,,
311,گورنمنٹ گرلز ہائیر سیکنڈری سکول، چک نمبر 39/گ ب (مشترکہ),465,0,461,,
312,گورنمنٹ بوائز پرائمری سکول، چک نمبر 26/گ ب (مشترکہ),452,0,265,,
313,گورنمنٹ گرلز کمیونٹی ماڈل پرائمری سکول، چک نمبر 27/گ ب (مشترکہ),603,0,131,,
314,گورنمنٹ بوائز پرائمری سکول، چک نمبر 28/گ ب (مرد),331,0,200,,
315,گورنمنٹ گرلز پرائمری سکول، چک نمبر 28/گ ب (عورت),260,0,181,,
316,گورنمنٹ بوائز ہائی سکول، چک نمبر 29/گ ب (مرد),416,0,174,,
317,گورنمنٹ بوائز ہائی سکول، چک نمبر 29/گ ب (عورت),241,0,144,,
318,گورنمنٹ بوائز ہائی سکول، چک نمبر 34/گ ب (مرد),0,0,0,,
319,گورنمنٹ بوائز ہائی سکول، چک نمبر 34/گ ب (عورت),0,0,0,,
320,گورنمنٹ بوائز پرائمری سکول، چک نمبر 35/گ ب (مرد),438,0,364,,
321,گورنمنٹ گرلز ایلیمنٹری سکول، چک نمبر 35/گ ب (عورت),204,0,256,,
322,گورنمنٹ بوائز پرائمری سکول چک نمبر 40/گ ب (مرد),99,0,465,,
323,گورنمنٹ بوائز پرائمری سکول چک نمبر 40/گ ب (عورت),61,0,179,,
324,گورنمنٹ گرلز مڈل سکول چک نمبر 40/گ ب (مرد),0,0,0,,
325,گورنمنٹ گرلز مڈل سکول چک نمبر 40/گ ب (عورت),0,0,0,,
326,گورنمنٹ بوائز مڈل سکول چک نمبر 232/گ ب (مرد),0,0,0,,
327,گورنمنٹ گرلز مڈل سکول چک نمبر 232/گ ب (عورت),271,0,173,,
328,گورنمنٹ بوائز پرائمری سکول، چک نمبر 36/گ ب (مرد),373,0,245,,
329,گورنمنٹ گرلز مڈل سکول، چک نمبر 36/گ ب (عورت),0,0,0,,
330,گورنمنٹ گرلز پرائمری سکول، چک نمبر 37/گ ب (مرد),147,0,201,,
331,گورنمنٹ گرلز پرائمری سکول، چک نمبر 37/گ ب (عورت),0,0,0,,
332,گورنمنٹ بوائز پرائمری سکول، چک نمبر 280/گ ب (مرد),0,0,0,,
333,گورنمنٹ گرلز پرائمری سکول، چک نمبر 280/گ ب (عورت),47,0,309,,
334,گورنمنٹ بوائز پرائمری سکول، چک نمبر 281/گ ب (مرد),354,0,433,,
335,گورنمنٹ گرلز پرائمری سکول، چک نمبر 281/گ ب (عورت),41,0,499,,
336,گورنمنٹ بوائز ہائی سکول، چک نمبر 282/گ ب (مرد),10,0,310,,
337,گورنمنٹ گرلز مڈل سکول، چک نمبر 282/گ ب (عورت),54,0,337,,
338,گورنمنٹ پرائمری سکول چک نمبر 273/گ ب (مرد),28,0,274,,
339,گورنمنٹ گرلز ایلیمنٹری سکول، چک نمبر 273/گ ب (عورت),197,0,304,,
340,گورنمنٹ بوائز ایلیمنٹری سکول، چک نمبر 274/گ ب (مرد),0,0,0,,
341,گورنمنٹ گرلز پرائمری سکول، چک نمبر 274/گ ب (عورت),93,0,180,,
342,گورنمنٹ بوائز ہائی سکول، چک نمبر 275/گ ب (مرد),252,0,322,,
343,گورنمنٹ گرلز پرائمری سکول، چک نمبر 275/گ ب (عورت),147,0,220,,
345,گورنمنٹ گرلز پرائمری سکول، چک نمبر 276/گ ب (عورت),144,0,559,,
346,گورنمنٹ بوائز پرائمری سکول، چک نمبر 278/گ ب (مرد),0,0,0,,
347,گورنمنٹ گرلز پرائمری سکول، چک نمبر 278/گ ب (عورت),17,0,51,,
348,گورنمنٹ بوائز ایلیمنٹری سکول، چک نمبر 279/گ ب (مرد),0,0,0,,
349,گورنمنٹ گرلز پرائمری سکول، چک نمبر 279/گ ب (عورت),0,0,0,,
350,گورنمنٹ بوائز پرائمری سکول، چک نمبر 283/گ ب (مرد),0,0,0,,
351,گورنمنٹ بوائز پرائمری سکول، چک نمبر 283/گ ب (مشترکہ),127,0,122,,
352,بیسک ہیلتھ یونٹ چک نمبر 283/گ ب (عورت),0,0,0,,
353,گورنمنٹ بوائز پرائمری سکول، چک نمبر 283/گ ب منڈی روڈالہ (مرد),0,0,0,,
354,گورنمنٹ گرلز ہائی سکول، چک نمبر 283/گ ب منڈی روڈالہ (عورت),393,0,210,,
355,گورنمنٹ بوائز پرائمری سکول، چک نمبر 375/گ ب-I دربار والا (مشترکہ),0,0,0,,
356,گورنمنٹ بوائز ہائی سکول، چک نمبر 376/گ ب (مرد),70,0,198,,
357,گورنمنٹ بوائز ہائی سکول، چک نمبر 376/گ ب (عورت),0,0,0,,
358,گورنمنٹ بوائز پرائمری سکول، چک نمبر 272/گ ب (مرد),0,0,0,,
359,گورنمنٹ گرلز پرائمری سکول، چک نمبر 272/گ ب (عورت),55,0,334,,
360,گورنمنٹ بوائز ہائی سکول، چک نمبر 374/گ ب (مرد),0,0,0,,
361,گورنمنٹ گرلز پرائمری سکول، چک نمبر 374/گ ب (عورت),170,0,350,,
362,گورنمنٹ بوائز مڈل سکول، چک نمبر 229/گ ب (مرد),0,0,0,,
363,گورنمنٹ بوائز مڈل سکول، چک نمبر 229/گ ب (عورت),128,0,239,,
364,گورنمنٹ گرلز مڈل سکول، چک نمبر 230/گ ب (مرد),112,0,205,,
365,گورنمنٹ گرلز مڈل سکول، چک نمبر 230/گ ب (عورت),36,0,389,,
366,گورنمنٹ بوائز پرائمری سکول، چک نمبر 231/گ ب (مشترکہ),0,0,0,,
367,گورنمنٹ بوائز ہائی سکول، چک نمبر 170/گ ب (مرد),284,0,400,,
368,گورنمنٹ گرلز ہائی سکول، چک نمبر 170/گ ب (عورت),0,0,0,,
369,گورنمنٹ بوائز ایلیمنٹری سکول، چک نمبر 171/گ ب (مرد),394,0,292,,
370,گورنمنٹ گرلز مڈل سکول، چک نمبر 171/گ ب (عورت),203,0,209,,
371,گورنمنٹ بوائز ہائی سکول، چک نمبر 172/گ ب (مرد),274,0,289,,
372,گورنمنٹ شاہد اقبال (شہید) گرلز ہائی سکول، چک نمبر۔172/گ ب (عورت),227,0,232,,
373,گورنمنٹ بوائز ہائی سکول، چک نمبر 172/گ ب (مرد),95,0,202,,
374,گورنمنٹ گرلز مڈل سکول، چک نمبر 172/گ ب (عورت),315,0,461,,
375,گورنمنٹ بوائز پرائمری سکول، چک نمبر 173/گ ب (مرد),135,0,266,,
376,گورنمنٹ گرلز پرائمری سکول، چک نمبر 173/گ ب (عورت),259,0,337,,
377,گورنمنٹ بوائز پرائمری سکول، چک نمبر 277/گ ب (مرد),183,0,551,,
378,گورنمنٹ گرلز پرائمری سکول، چک نمبر 277/گ ب (عورت),133,0,336,,
